name	version	archive_sha256	unpacked_source
autocfg	1.5.1	f2032f911046de80f0a198e0901378627c33f59ea0ac00e363d481118bd70a53	/Users/ember/.cargo/registry/src/index.crates.io-1949cf8c6b5b557f/autocfg-1.5.1
base64	0.22.1	72b3254f16251a8381aa12e40e3c4d2f0199f8c6508fbecb9d91f575e0fbb8c6	/Users/ember/.cargo/registry/src/index.crates.io-1949cf8c6b5b557f/base64-0.22.1
base64ct	1.8.3	2af50177e190e07a26ab74f8b1efbfe2ef87da2116221318cb1c2e82baf7de06	/Users/ember/.cargo/registry/src/index.crates.io-1949cf8c6b5b557f/base64ct-1.8.3
block-buffer	0.10.4	3078c7629b62d3f0439517fa394996acacc5cbc91c5a20d8c658e77abd503a71	/Users/ember/.cargo/registry/src/index.crates.io-1949cf8c6b5b557f/block-buffer-0.10.4
cfg-if	1.0.4	9330f8b2ff13f34540b44e946ef35111825727b38d33286ef986142615121801	/Users/ember/.cargo/registry/src/index.crates.io-1949cf8c6b5b557f/cfg-if-1.0.4
const-oid	0.9.6	c2459377285ad874054d797f3ccebf984978aa39129f6eafde5cdc8315b612f8	/Users/ember/.cargo/registry/src/index.crates.io-1949cf8c6b5b557f/const-oid-0.9.6
cpufeatures	0.2.17	59ed5838eebb26a2bb2e58f6d5b5316989ae9d08bab10e0e6d103e656d1b0280	/Users/ember/.cargo/registry/src/index.crates.io-1949cf8c6b5b557f/cpufeatures-0.2.17
crypto-common	0.1.7	78c8292055d1c1df0cce5d180393dc8cce0abec0a7102adb6c7b1eef6016d60a	/Users/ember/.cargo/registry/src/index.crates.io-1949cf8c6b5b557f/crypto-common-0.1.7
curve25519-dalek	4.1.3	97fb8b7c4503de7d6ae7b42ab72a5a59857b4c937ec27a3d4539dba95b5ab2be	/Users/ember/.cargo/registry/src/index.crates.io-1949cf8c6b5b557f/curve25519-dalek-4.1.3
curve25519-dalek-derive	0.1.1	f46882e17999c6cc590af592290432be3bce0428cb0d5f8b6715e4dc7b383eb3	/Users/ember/.cargo/registry/src/index.crates.io-1949cf8c6b5b557f/curve25519-dalek-derive-0.1.1
darling	0.23.0	25ae13da2f202d56bd7f91c25fba009e7717a1e4a1cc98a76d844b65ae912e9d	/Users/ember/.cargo/registry/src/index.crates.io-1949cf8c6b5b557f/darling-0.23.0
darling_core	0.23.0	9865a50f7c335f53564bb694ef660825eb8610e0a53d3e11bf1b0d3df31e03b0	/Users/ember/.cargo/registry/src/index.crates.io-1949cf8c6b5b557f/darling_core-0.23.0
darling_macro	0.23.0	ac3984ec7bd6cfa798e62b4a642426a5be0e68f9401cfc2a01e3fa9ea2fcdb8d	/Users/ember/.cargo/registry/src/index.crates.io-1949cf8c6b5b557f/darling_macro-0.23.0
der	0.7.10	e7c1832837b905bbfb5101e07cc24c8deddf52f93225eee6ead5f4d63d53ddcb	/Users/ember/.cargo/registry/src/index.crates.io-1949cf8c6b5b557f/der-0.7.10
digest	0.10.7	9ed9a281f7bc9b7576e61468ba615a66a5c8cfdff42420a70aa82701a3b1e292	/Users/ember/.cargo/registry/src/index.crates.io-1949cf8c6b5b557f/digest-0.10.7
ed25519	2.2.3	115531babc129696a58c64a4fef0a8bf9e9698629fb97e9e40767d235cfbcd53	/Users/ember/.cargo/registry/src/index.crates.io-1949cf8c6b5b557f/ed25519-2.2.3
ed25519-dalek	2.2.0	70e796c081cee67dc755e1a36a0a172b897fab85fc3f6bc48307991f64e4eca9	/Users/ember/.cargo/registry/src/index.crates.io-1949cf8c6b5b557f/ed25519-dalek-2.2.0
fiat-crypto	0.2.9	28dea519a9695b9977216879a3ebfddf92f1c08c05d984f8996aecd6ecdc811d	/Users/ember/.cargo/registry/src/index.crates.io-1949cf8c6b5b557f/fiat-crypto-0.2.9
five8	1.0.0	23f76610e969fa1784327ded240f1e28a3fd9520c9cec93b636fcf62dd37f772	/Users/ember/.cargo/registry/src/index.crates.io-1949cf8c6b5b557f/five8-1.0.0
five8_const	1.0.0	1a0f1728185f277989ca573a402716ae0beaaea3f76a8ff87ef9dd8fb19436c5	/Users/ember/.cargo/registry/src/index.crates.io-1949cf8c6b5b557f/five8_const-1.0.0
five8_core	1.0.0	059c31d7d36c43fe39d89e55711858b4da8be7eb6dabac23c7289b1a19489406	/Users/ember/.cargo/registry/src/index.crates.io-1949cf8c6b5b557f/five8_core-1.0.0
generic-array	0.14.7	85649ca51fd72272d7821adaf274ad91c288277713d9c18820d8499a7ff69e9a	/Users/ember/.cargo/registry/src/index.crates.io-1949cf8c6b5b557f/generic-array-0.14.7
getrandom	0.2.17	ff2abc00be7fca6ebc474524697ae276ad847ad0a6b3faa4bcb027e9a4614ad0	/Users/ember/.cargo/registry/src/index.crates.io-1949cf8c6b5b557f/getrandom-0.2.17
getrandom	0.3.4	899def5c37c4fd7b2664648c28120ecec138e4d395b459e5ca34f9cce2dd77fd	/Users/ember/.cargo/registry/src/index.crates.io-1949cf8c6b5b557f/getrandom-0.3.4
hmac	0.12.1	6c49c37c09c17a53d937dfbb742eb3a961d65a994e6bcdcf37e7399d0cc8ab5e	/Users/ember/.cargo/registry/src/index.crates.io-1949cf8c6b5b557f/hmac-0.12.1
ident_case	1.0.1	b9e0384b61958566e926dc50660321d12159025e767c18e043daf26b70104c39	/Users/ember/.cargo/registry/src/index.crates.io-1949cf8c6b5b557f/ident_case-1.0.1
itoa	1.0.18	8f42a60cbdf9a97f5d2305f08a87dc4e09308d1276d28c869c684d7777685682	/Users/ember/.cargo/registry/src/index.crates.io-1949cf8c6b5b557f/itoa-1.0.18
libc	0.2.189	3eaf3ede3fee6db1a4c2ee091bf8a8b4dccdc6d17f656fb07896ee72867612f2	/Users/ember/.cargo/registry/src/index.crates.io-1949cf8c6b5b557f/libc-0.2.189
memchr	2.8.3	cf8baf1c55e62ffcace7a9f06f4bd9cd3f0c4beb022d3b367256b91b87513d98	/Users/ember/.cargo/registry/src/index.crates.io-1949cf8c6b5b557f/memchr-2.8.3
num-traits	0.2.19	071dfc062690e90b734c0b2273ce72ad0ffa95f0c74596bc250dcfd960262841	/Users/ember/.cargo/registry/src/index.crates.io-1949cf8c6b5b557f/num-traits-0.2.19
pastey	0.2.3	2ee67f1008b1ba2321834326597b8e186293b049a023cdef258527550b9935b4	/Users/ember/.cargo/registry/src/index.crates.io-1949cf8c6b5b557f/pastey-0.2.3
pbkdf2	0.11.0	83a0692ec44e4cf1ef28ca317f14f8f07da2d95ec3fa01f86e4467b725e60917	/Users/ember/.cargo/registry/src/index.crates.io-1949cf8c6b5b557f/pbkdf2-0.11.0
pkcs8	0.10.2	f950b2377845cebe5cf8b5165cb3cc1a5e0fa5cfa3e1f7f55707d8fd82e0a7b7	/Users/ember/.cargo/registry/src/index.crates.io-1949cf8c6b5b557f/pkcs8-0.10.2
ppv-lite86	0.2.21	85eae3c4ed2f50dcfe72643da4befc30deadb458a9b590d720cde2f2b1e97da9	/Users/ember/.cargo/registry/src/index.crates.io-1949cf8c6b5b557f/ppv-lite86-0.2.21
proc-macro2	1.0.107	985e7ec9bb745e6ce6535b544d84d6cd6f7ad8bd711c398938ae983b91a766d9	/Users/ember/.cargo/registry/src/index.crates.io-1949cf8c6b5b557f/proc-macro2-1.0.107
quote	1.0.47	1fbf4db142a473a8d80c26bbf18454ed458bf8d26c8219c331daecfdbd079001	/Users/ember/.cargo/registry/src/index.crates.io-1949cf8c6b5b557f/quote-1.0.47
r-efi	5.3.0	69cdb34c158ceb288df11e18b4bd39de994f6657d83847bdffdbd7f346754b0f	/Users/ember/.cargo/registry/src/index.crates.io-1949cf8c6b5b557f/r-efi-5.3.0
rand	0.9.5	b9ef1d0d795eb7d84685bca4f72f3649f064e6641543d3a8c415898726a57b41	/Users/ember/.cargo/registry/src/index.crates.io-1949cf8c6b5b557f/rand-0.9.5
rand_chacha	0.9.0	d3022b5f1df60f26e1ffddd6c66e8aa15de382ae63b3a0c1bfc0e4d3e3f325cb	/Users/ember/.cargo/registry/src/index.crates.io-1949cf8c6b5b557f/rand_chacha-0.9.0
rand_core	0.6.4	ec0be4795e2f6a28069bec0b5ff3e2ac9bafc99e6a9a7dc3547996c5c816922c	/Users/ember/.cargo/registry/src/index.crates.io-1949cf8c6b5b557f/rand_core-0.6.4
rand_core	0.9.5	76afc826de14238e6e8c374ddcc1fa19e374fd8dd986b0d2af0d02377261d83c	/Users/ember/.cargo/registry/src/index.crates.io-1949cf8c6b5b557f/rand_core-0.9.5
rustc_version	0.4.1	cfcb3a22ef46e85b45de6ee7e79d063319ebb6594faafcf1c225ea92ab6e9b92	/Users/ember/.cargo/registry/src/index.crates.io-1949cf8c6b5b557f/rustc_version-0.4.1
semver	1.0.28	8a7852d02fc848982e0c167ef163aaff9cd91dc640ba85e263cb1ce46fae51cd	/Users/ember/.cargo/registry/src/index.crates.io-1949cf8c6b5b557f/semver-1.0.28
serde	1.0.228	9a8e94ea7f378bd32cbbd37198a4a91436180c5bb472411e48b5ec2e2124ae9e	/Users/ember/.cargo/registry/src/index.crates.io-1949cf8c6b5b557f/serde-1.0.228
serde_core	1.0.228	41d385c7d4ca58e59fc732af25c3983b67ac852c1a25000afe1175de458b67ad	/Users/ember/.cargo/registry/src/index.crates.io-1949cf8c6b5b557f/serde_core-1.0.228
serde_derive	1.0.228	d540f220d3187173da220f885ab66608367b6574e925011a9353e4badda91d79	/Users/ember/.cargo/registry/src/index.crates.io-1949cf8c6b5b557f/serde_derive-1.0.228
serde_json	1.0.151	c841b55ecdae098c80dcae9cf767f6f8a0c2cdb3416bbef72181df4d0fe73f14	/Users/ember/.cargo/registry/src/index.crates.io-1949cf8c6b5b557f/serde_json-1.0.151
sha2	0.10.9	a7507d819769d01a365ab707794a4084392c824f54a7a6a7862f8c3d0892b283	/Users/ember/.cargo/registry/src/index.crates.io-1949cf8c6b5b557f/sha2-0.10.9
signature	2.2.0	77549399552de45a898a580c1b41d445bf730df867cc44e6c0233bbc4b8329de	/Users/ember/.cargo/registry/src/index.crates.io-1949cf8c6b5b557f/signature-2.2.0
solana-account-info	3.1.1	a9cf16495d9eb53e3d04e72366a33bb1c20c24e78c171d8b8f5978357b63ae95	/Users/ember/.cargo/registry/src/index.crates.io-1949cf8c6b5b557f/solana-account-info-3.1.1
solana-address	2.6.1	39c93e262f671bf402e1040e4a7e40b05d81da5956c7681948c975a0997517bb	/Users/ember/.cargo/registry/src/index.crates.io-1949cf8c6b5b557f/solana-address-2.6.1
solana-cpi	3.1.0	4dea26709d867aada85d0d3617db0944215c8bb28d3745b912de7db13a23280c	/Users/ember/.cargo/registry/src/index.crates.io-1949cf8c6b5b557f/solana-cpi-3.1.0
solana-define-syscall	4.0.1	57e5b1c0bc1d4a4d10c88a4100499d954c09d3fecfae4912c1a074dff68b1738	/Users/ember/.cargo/registry/src/index.crates.io-1949cf8c6b5b557f/solana-define-syscall-4.0.1
solana-hash	4.5.0	6f4c847893a2ea50b4ae3ca723b124e07cd0544fecea3598f785168f9b78333f	/Users/ember/.cargo/registry/src/index.crates.io-1949cf8c6b5b557f/solana-hash-4.5.0
solana-instruction	3.4.1	a3957ca1d31107efd9a6bb88b25c348ca5e3b4b6683e3d08adb86d3d17aa01f1	/Users/ember/.cargo/registry/src/index.crates.io-1949cf8c6b5b557f/solana-instruction-3.4.1
solana-instruction-error	2.4.0	3b7d34343838343a3755b7dfb1e438d94c6db2263b519cfe3c2257af932b6e93	/Users/ember/.cargo/registry/src/index.crates.io-1949cf8c6b5b557f/solana-instruction-error-2.4.0
solana-keypair	3.1.2	263d614c12aa267a3278703175fd6440552ca61bc960b5a02a4482720c53438b	/Users/ember/.cargo/registry/src/index.crates.io-1949cf8c6b5b557f/solana-keypair-3.1.2
solana-program-entrypoint	3.1.1	84c9b0a1ff494e05f503a08b3d51150b73aa639544631e510279d6375f290997	/Users/ember/.cargo/registry/src/index.crates.io-1949cf8c6b5b557f/solana-program-entrypoint-3.1.1
solana-program-error	3.0.1	4f04fa578707b3612b095f0c8e19b66a1233f7c42ca8082fcb3b745afcc0add6	/Users/ember/.cargo/registry/src/index.crates.io-1949cf8c6b5b557f/solana-program-error-3.0.1
solana-program-memory	3.1.0	4068648649653c2c50546e9a7fb761791b5ab0cda054c771bb5808d3a4b9eb52	/Users/ember/.cargo/registry/src/index.crates.io-1949cf8c6b5b557f/solana-program-memory-3.1.0
solana-pubkey	4.2.0	7db719574990de7e8b0f55a8593ac92a5ccb42c8ce67b3e4bf05b139d5d9ee71	/Users/ember/.cargo/registry/src/index.crates.io-1949cf8c6b5b557f/solana-pubkey-4.2.0
solana-sanitize	3.0.1	dcf09694a0fc14e5ffb18f9b7b7c0f15ecb6eac5b5610bf76a1853459d19daf9	/Users/ember/.cargo/registry/src/index.crates.io-1949cf8c6b5b557f/solana-sanitize-3.0.1
solana-sdk-ids	3.1.0	def234c1956ff616d46c9dd953f251fa7096ddbaa6d52b165218de97882b7280	/Users/ember/.cargo/registry/src/index.crates.io-1949cf8c6b5b557f/solana-sdk-ids-3.1.0
solana-seed-phrase	3.0.0	dc905b200a95f2ea9146e43f2a7181e3aeb55de6bc12afb36462d00a3c7310de	/Users/ember/.cargo/registry/src/index.crates.io-1949cf8c6b5b557f/solana-seed-phrase-3.0.0
solana-sha256-hasher	3.1.0	db7dc3011ea4c0334aaaa7e7128cb390ecf546b28d412e9bf2064680f57f588f	/Users/ember/.cargo/registry/src/index.crates.io-1949cf8c6b5b557f/solana-sha256-hasher-3.1.0
solana-signature	3.4.1	b0364c7577c3c82a693ce28a1febc8d1b5d1b0a175fdc2114ae6186b69effe1e	/Users/ember/.cargo/registry/src/index.crates.io-1949cf8c6b5b557f/solana-signature-3.4.1
solana-signer	3.0.1	520bd6021163ee517f4bdc7ae03ded904f97e11320001ba0b3355f45eb14f558	/Users/ember/.cargo/registry/src/index.crates.io-1949cf8c6b5b557f/solana-signer-3.0.1
solana-stable-layout	3.0.1	c9f6a291ba063a37780af29e7db14bdd3dc447584d8ba5b3fc4b88e2bbc982fa	/Users/ember/.cargo/registry/src/index.crates.io-1949cf8c6b5b557f/solana-stable-layout-3.0.1
solana-transaction-error	3.3.2	054e54d15164b0c34cb744600a1a0330e9fd97a12d979f2eb95904c807a07713	/Users/ember/.cargo/registry/src/index.crates.io-1949cf8c6b5b557f/solana-transaction-error-3.3.2
spki	0.7.3	d91ed6c858b01f942cd56b37a94b3e0a1798290327d1236e4d9cf4eaca44d29d	/Users/ember/.cargo/registry/src/index.crates.io-1949cf8c6b5b557f/spki-0.7.3
strsim	0.11.1	7da8b5736845d9f2fcb837ea5d9e2628564b3b043a70948a3f0b778838c5fb4f	/Users/ember/.cargo/registry/src/index.crates.io-1949cf8c6b5b557f/strsim-0.11.1
subtle	2.6.1	13c2bddecc57b384dee18652358fb23172facb8a2c51ccc10d74c157bdea3292	/Users/ember/.cargo/registry/src/index.crates.io-1949cf8c6b5b557f/subtle-2.6.1
syn	2.0.119	872831b642d1a07999a962a351ed35b955ea2cfc8f3862091e2a240a84f17297	/Users/ember/.cargo/registry/src/index.crates.io-1949cf8c6b5b557f/syn-2.0.119
syn	3.0.3	53e9bae58849f64dfa4f5d5ae372c8341f7305f82a3868709269343628b659a3	/Users/ember/.cargo/registry/src/index.crates.io-1949cf8c6b5b557f/syn-3.0.3
thiserror	2.0.20	ec86235f5fcc2a73650310756d2ac5b138a5780bbbdfae3eeccec992c435ba4f	/Users/ember/.cargo/registry/src/index.crates.io-1949cf8c6b5b557f/thiserror-2.0.20
thiserror-impl	2.0.20	bc04cd3e1236dd4a98afca4569f2deb3f120e5422a4023be2cb683f8486292af	/Users/ember/.cargo/registry/src/index.crates.io-1949cf8c6b5b557f/thiserror-impl-2.0.20
typenum	1.20.1	b6f5e870be6c3b371b77fe0ee0bafb859fa4964b4404c27de1d380043c4dda20	/Users/ember/.cargo/registry/src/index.crates.io-1949cf8c6b5b557f/typenum-1.20.1
unicode-ident	1.0.24	e6e4313cd5fcd3dad5cafa179702e2b244f760991f45397d14d4ebf38247da75	/Users/ember/.cargo/registry/src/index.crates.io-1949cf8c6b5b557f/unicode-ident-1.0.24
version_check	0.9.5	0b928f33d975fc6ad9f86c8f283853ad26bdd5b10b7f1542aa2fa15e2289105a	/Users/ember/.cargo/registry/src/index.crates.io-1949cf8c6b5b557f/version_check-0.9.5
wasi	0.11.1+wasi-snapshot-preview1	ccf3ec651a847eb01de73ccad15eb7d99f80485de043efb2f370cd654f4ea44b	/Users/ember/.cargo/registry/src/index.crates.io-1949cf8c6b5b557f/wasi-0.11.1+wasi-snapshot-preview1
wasip2	1.0.4+wasi-0.2.12	b67efb37e106e55ce722a510d6b5f9c17f083e5fc79afc2badeb12cc313d9487	/Users/ember/.cargo/registry/src/index.crates.io-1949cf8c6b5b557f/wasip2-1.0.4+wasi-0.2.12
wincode	0.5.5	66d967db7705dc29120bb6e8ce5b5a2e27734ed5976d1c904e95bd238d1c3c5a	/Users/ember/.cargo/registry/src/index.crates.io-1949cf8c6b5b557f/wincode-0.5.5
wincode-derive	0.4.6	15ab90b719560d0fda79c74550ad1c948d17b118765942838055ebaf34d67071	/Users/ember/.cargo/registry/src/index.crates.io-1949cf8c6b5b557f/wincode-derive-0.4.6
wit-bindgen	0.57.1	1ebf944e87a7c253233ad6766e082e3cd714b5d03812acc24c318f549614536e	/Users/ember/.cargo/registry/src/index.crates.io-1949cf8c6b5b557f/wit-bindgen-0.57.1
zerocopy	0.8.56	556764e583adb45a9f8d413c2a147fa7e8d821e48e12b14fd560b607998b75eb	/Users/ember/.cargo/registry/src/index.crates.io-1949cf8c6b5b557f/zerocopy-0.8.56
zerocopy-derive	0.8.56	f2ab42fc20575779bd240faa45f94a74256f755c0fa9e89f0ede20d91d0cdfc1	/Users/ember/.cargo/registry/src/index.crates.io-1949cf8c6b5b557f/zerocopy-derive-0.8.56
zeroize	1.9.0	e13c156562582aa81c60cb29407084cdb54c4164760106ab78e6c5b0858cf64e	/Users/ember/.cargo/registry/src/index.crates.io-1949cf8c6b5b557f/zeroize-1.9.0
zmij	1.0.23	29666d0abbfad1e3dc4dcf6144730dd3a3ab225bbbdac83319345b1b44ccfc1b	/Users/ember/.cargo/registry/src/index.crates.io-1949cf8c6b5b557f/zmij-1.0.23
